chrom38	pos38	ref38	alt38	chrom19	pos19	ref19	alt19	familyId	bestSt
chr1	961969	G	A	1	897349	G	A	14505	2 2 1 2/0 0 1 0
chr1	1287138	C	A	1	1222518	C	A	11563	2 2 1 2/0 0 1 0
chr1	1290349	G	A	1	1225729	G	A	12111	2 2 2 1/0 0 0 1
chr1	1294823	G	A	1	1230203	G	A	11138	2 2 2 1/0 0 0 1
chr1	1310988	G	C	1	1246368	G	C	14253	2 2 2 1/0 0 0 1
chr1	1623394	G	A	1	1558774	G	A	11057	2 2 2 1/0 0 0 1
chr1	1922702	T	C	1	1854141	T	C	13570	2 2 1 2/0 0 1 0
chr1	1954913	C	T	1	1886352	C	T	12221	2 2 1 2/0 0 1 0
chr1	1954913	C	T	1	1886352	C	T	13743	2 2 1/0 0 1
chr1	1954913	C	T	1	1886352	C	T	13985	2 2 1 1/0 0 1 1
chr1	1959190	C	T	1	1890629	C	T	13096	2 2 1 2/0 0 1 0
chr1	1971968	G	A	1	1903407	G	A	14274	2 2 1/0 0 1
chr1	2591662	G	C	1	2523101	G	C	14523	2 2 1 2/0 0 1 0
chr1	3468922	C	T	1	3385486	C	T	13350	2 2 1/0 0 1
chr1	3602485	AC	A	1	3519049	AC	A	14075	2 2 1 2/0 0 1 0
chr1	3632304	T	G	1	3548868	T	G	13931	2 2 1 2/0 0 1 0
chr1	3763149	C	T	1	3679713	C	T	12976	2 2 2 1/0 0 0 1
chr1	3763384	C	G	1	3679948	C	G	13602	2 2 1 2/0 0 1 0
chr1	3815471	G	A	1	3732035	G	A	14435	2 2 2 1/0 0 0 1
chr1	5927684	C	T	1	5987744	C	T	14290	2 2 2 1/0 0 0 1
chr1	6593546	C	T	1	6653606	C	T	12299	2 2 2 1/0 0 0 1
chr1	6593622	TCC	T	1	6653682	TCC	T	14338	2 2 2 1/0 0 0 1
chr1	8361778	C	A	1	8421838	C	A	14201	2 2 2 1/0 0 0 1
chr1	8364842	G	T	1	8424902	G	T	11440	2 2 1 2/0 0 1 0
chr1	8870432	T	A	1	8930491	T	A	14210	2 2 1 2/0 0 1 0
chr1	9613078	C	T	1	9673136	C	T	14502	2 2 1 2/0 0 1 0
chr1	10106456	G	A	1	10166514	G	A	11696	2 2 2 1/0 0 0 1
chr1	10413229	C	T	1	10473286	C	T	13733	2 2 1/0 0 1
chr1	10647877	C	T	1	10707934	C	T	14354	2 2 2 1/0 0 0 1
chr1	11055855	C	G	1	11115912	C	G	14616	2 2 2 1/0 0 0 1
chr1	11145000	T	C	1	11205057	T	C	11104	2 2 1 2/0 0 1 0
chr1	11746207	C	T	1	11806264	C	T	11495	2 2 1 2/0 0 1 0
chr1	11957940	TG	T	1	12017997	TG	T	14188	2 2 2 1/0 0 0 1
chr1	12115730	G	A	1	12175787	G	A	12340	2 2 1 2/0 0 1 0
chr1	12368575	T	C	1	12428630	T	C	13930	2 2 1 2/0 0 1 0
chr1	12777024	C	T	1	12837167	C	T	13120	2 2 1 2/0 0 1 0
chr1	12793987	G	T	1	12854136	G	T	11966	2 2 1 2/0 0 1 0
chr1	15056162	G	A	1	15382658	G	A	13677	2 2 1/0 0 1
chr1	15566072	C	T	1	15892567	C	T	11033	2 2 2 1/0 0 0 1
chr1	15630443	T	G	1	15956938	T	G	12603	2 2 1/0 0 1
chr1	15929267	G	GA	1	16255762	G	GA	11160	2 2 1 2/0 0 1 0
chr1	15929268	G	A	1	16255763	G	A	11160	2 2 1 2/0 0 1 0
chr1	15934732	G	C	1	16261227	G	C	12072	2 2 1 2/0 0 1 0
chr1	16048372	G	C	1	16374867	G	C	13062	2 2 1 2/0 0 1 0
chr1	16199151	G	A	1	16525646	G	A	14309	2 2 2 1/0 0 0 1
chr1	16936740	G	A	1	17263235	G	A	12325	2 2 1 2/0 0 1 0
chr1	17580622	G	T	1	17907117	G	T	11989	2 2 1/0 0 1
chr1	17627447	G	A	1	17953942	G	A	13730	2 2 2 1/0 0 0 1
chr1	17637970	G	A	1	17964465	G	A	14064	2 2 2 1/0 0 0 1
chr1	19112851	C	T	1	19439345	C	T	13709	2 2 2 1/0 0 0 1
chr1	19126590	G	A	1	19453084	G	A	13058	2 2 2 1/0 0 0 1
chr1	19155039	C	T	1	19481533	C	T	13118	2 2 1 2/0 0 1 0
chr1	19201798	T	G	1	19528292	T	G	14099	2 2 1/0 0 1
chr1	19311891	G	A	1	19638385	G	A	11330	2 2 2 1/0 0 0 1
chr1	19683379	G	C	1	20009872	G	C	12324	2 2 2 1/0 0 0 1
chr1	19694562	G	C	1	20021055	G	C	11718	2 2 1 2/0 0 1 0
chr1	20094544	G	A	1	20421037	G	A	11163	2 2 1/0 0 1
chr1	20639952	C	T	1	20966445	C	T	13162	2 2 1 2/0 0 1 0
chr1	21257524	C	T	1	21584017	C	T	14308	2 2 1 2/0 0 1 0
chr1	21854781	GGGTCA	G	1	22181274	GGGTCA	G	12385	2 2 1 2/0 0 1 0
chr1	22490160	T	C	1	22816653	T	C	11800	2 2 2 1/0 0 0 1
chr1	22517380	G	A	1	22843873	G	A	12828	2 2 1/0 0 1
chr1	22647438	C	T	1	22973931	C	T	11483	2 2 2 1/0 0 0 1
chr1	22910448	C	T	1	23236941	C	T	13128	2 2 1 2/0 0 1 0
chr1	23083225	A	G	1	23409718	A	G	14329	2 2 1 2/0 0 1 0
chr1	23092618	G	A	1	23419111	G	A	13537	2 2 1 2/0 0 1 0
chr1	23193924	G	T	1	23520417	G	T	11657	2 2 1 2/0 0 1 0
chr1	23397527	G	A	1	23724020	G	A	13980	2 2 1 2/0 0 1 0
chr1	23434262	A	G	1	23760755	A	G	11152	2 2 2 1/0 0 0 1
chr1	23863148	G	A	1	24189638	G	A	14261	2 2 2 1/0 0 0 1
chr1	24080091	G	A	1	24406581	G	A	13424	2 2 1 2/0 0 1 0
chr1	24134256	G	A	1	24460746	G	A	13962	2 2 2 1/0 0 0 1
chr1	24180849	GCCT	G	1	24507339	GCCT	G	14403	2 2 2 1/0 0 0 1
chr1	24337687	C	T	1	24664177	C	T	12320	2 2 1 2/0 0 1 0
chr1	24650079	C	T	1	24976570	C	T	11440	2 2 2 1/0 0 0 1
chr1	24990427	C	A	1	25316918	C	A	12600	2 2 1/0 0 1
chr1	25808699	G	T	1	26135190	G	T	13925	2 2 2 1/0 0 0 1
chr1	25972561	G	C	1	26299052	G	C	13737	2 2 2 1/0 0 0 1
chr1	26031256	T	G	1	26357747	T	G	14403	2 2 1 2/0 0 1 0
chr1	26033681	T	G	1	26360172	T	G	11512	2 2 2 1/0 0 0 1
chr1	26558902	C	T	1	26885393	C	T	14520	2 2 1 2/0 0 1 0
chr1	26863935	G	A	1	27190426	G	A	12246	2 2 2 1/0 0 0 1
chr1	27114108	C	G	1	27440599	C	G	13177	2 2 1/0 0 1
chr1	27114161	C	T	1	27440652	C	T	11489	2 2 2 1/0 0 0 1
chr1	27550357	G	GT	1	27876868	G	GT	13695	2 2 1/0 0 1
chr1	27550575	G	A	1	27877086	G	A	14191	2 2 1/0 0 1
chr1	27613017	C	T	1	27939528	C	T	14149	2 2 2 1/0 0 0 1
chr1	27668541	G	A	1	27995052	G	A	12568	2 2 2 1/0 0 0 1
chr1	27955710	G	A	1	28282221	G	A	12524	2 2 2 1/0 0 0 1
chr1	28269221	G	C	1	28595732	G	C	11057	2 2 1 2/0 0 1 0
chr1	28269228	G	A	1	28595739	G	A	11843	2 2 1/0 0 1
chr1	28274854	G	A	1	28601365	G	A	12926	2 2 2 1/0 0 0 1
chr1	28648684	A	G	1	28975196	A	G	12867	2 2 2 1/0 0 0 1
chr1	28648706	G	A	1	28975218	G	A	12597	2 2 2 1/0 0 0 1
chr1	29260873	C	A	1	29587385	C	A	14556	2 2 2 1/0 0 0 1
chr1	30876917	T	C	1	31349764	T	C	13371	2 2 1 2/0 0 1 0
chr1	31741661	G	A	1	32207262	G	A	13390	2 2 1 1/0 0 1 1
chr1	32077257	C	T	1	32542858	C	T	14467	2 2 1 2/0 0 1 0
chr1	32100509	G	A	1	32566110	G	A	11341	2 2 2 1/0 0 0 1
chr1	32184598	CAAG	C	1	32650199	CAAG	C	12700	2 2 1 2/0 0 1 0
chr1	32204360	T	C	1	32669961	T	C	14468	2 2 1 2/0 0 1 0
chr1	32207113	G	A	1	32672714	G	A	14453	2 2 1 2/0 0 1 0
chr1	32209323	A	G	1	32674924	A	G	14485	2 2 1 2/0 0 1 0
chr1	32324536	C	T	1	32790137	C	T	12032	2 2 1 2/0 0 1 0
chr1	32889001	C	T	1	33354602	C	T	11225	2 2 1 2/0 0 1 0
chr1	33330206	G	A	1	33795807	G	A	14043	2 2 2 1/0 0 0 1
chr1	33605379	G	A	1	34070979	G	A	14332	2 2 1/0 0 1
chr1	33864328	C	T	1	34329929	C	T	13258	2 2 2 1/0 0 0 1
chr1	34165789	CG	C	1	34631390	CG	C	12030	2 2 1 2/0 0 1 0
chr1	34784786	C	A	1	35250387	C	A	14420	2 2 1/0 0 1
chr1	34900099	G	A	1	35365700	G	A	11356	2 2 2 1/0 0 0 1
chr1	35011929	T	C	1	35477530	T	C	11595	2 2 2 1/0 0 0 1
chr1	35190504	T	C	1	35656105	T	C	11193	2 2 1/0 0 1
chr1	35434988	C	T	1	35900589	C	T	11419	2 2 2 1/0 0 0 1
chr1	35901517	C	T	1	36367118	C	T	11740	2 2 1 2/0 0 1 0
chr1	36293861	A	G	1	36759462	A	G	14067	2 2 1/0 0 1
chr1	37582236	C	T	1	38047837	C	T	13267	2 2 2 1/0 0 0 1
chr1	37731472	C	T	1	38197144	C	T	14460	2 2 1 2/0 0 1 0
chr1	37815324	G	T	1	38280996	G	T	11016	2 2 2 1/0 0 0 1
chr1	37945769	C	T	1	38411441	C	T	12703	2 2 1 2/0 0 1 0
chr1	38045939	G	A	1	38511611	G	A	13789	2 2 1 2/0 0 1 0
chr1	38856983	G	C	1	39322655	G	C	13773	2 2 1 2/0 0 1 0
chr1	38859454	G	C	1	39325126	G	C	13773	2 2 1 2/0 0 1 0
chr1	38918966	C	T	1	39384638	C	T	13688	2 2 2 1/0 0 0 1
chr1	39324221	A	G	1	39789893	A	G	11522	2 2 2 1/0 0 0 1
chr1	39372560	A	G	1	39838232	A	G	14196	2 2 1/0 0 1
chr1	39453790	C	T	1	39919462	C	T	13443	2 2 2 1/0 0 0 1
chr1	40409787	T	A	1	40875459	T	A	13190	2 2 1/0 0 1
chr1	40495761	A	G	1	40961433	A	G	12657	2 2 1 2/0 0 1 0
chr1	41028655	C	T	1	41494327	C	T	14252	2 2 2 1/0 0 0 1
chr1	41583044	C	CG	1	42048715	C	CG	11940	2 2 1/0 0 1
chr1	42747723	C	T	1	43213394	C	T	13254	2 2 1 2/0 0 1 0
chr1	42840240	C	T	1	43305911	C	T	12498	2 2 1 2/0 0 1 0
chr1	42927087	G	A	1	43392758	G	A	11525	2 2 2 1/0 0 0 1
chr1	43199498	G	A	1	43665169	G	A	11382	2 2 2 1/0 0 0 1
chr1	43364140	A	C	1	43829811	A	C	11878	2 2 1/0 0 1
chr1	43364631	C	T	1	43830302	C	T	12579	2 2 1 2/0 0 1 0
chr1	43428116	G	A	1	43893787	G	A	14033	2 2 1/0 0 1
chr1	43441986	C	T	1	43907657	C	T	14215	2 2 1 2/0 0 1 0
chr1	43591022	A	C	1	44056693	A	C	14626	2 2 1 2/0 0 1 0
chr1	43591047	G	A	1	44056718	G	A	11420	2 2 2 1/0 0 0 1
chr1	43598853	G	A	1	44064524	G	A	14381	2 2 1 2/0 0 1 0
chr1	43606358	G	A	1	44072029	G	A	14308	2 2 2 1/0 0 0 1
chr1	43617534	C	T	1	44083205	C	T	11671	2 2 1 2/0 0 1 0
chr1	43704103	A	T	1	44169774	A	T	11642	2 2 2 1/0 0 0 1
chr1	43736284	C	T	1	44201955	C	T	11653	2 2 1/0 0 1
chr1	44806594	C	T	1	45272266	C	T	13720	2 2 2 1/0 0 0 1
chr1	44810462	T	TG	1	45276134	T	TG	13906	2 2 2 1/0 0 0 1
chr1	44828490	G	A	1	45294162	G	A	13624	2 2 1/0 0 1
chr1	45343018	T	C	1	45808690	T	C	12539	2 2 1/0 0 1
chr1	45457711	ACCT	A	1	45923383	ACCT	A	11076	2 2 2 1/0 0 0 1
chr1	45515659	T	C	1	45981331	T	C	11284	2 2 2 1/0 0 0 1
chr1	46032378	G	A	1	46498050	G	A	13869	2 2 1 2/0 0 1 0
chr1	46274232	C	T	1	46739904	C	T	13035	2 2 2 1/0 0 0 1
chr1	46547472	G	A	1	47013144	G	A	14187	2 2 1 2/0 0 1 0
chr1	46610106	T	A	1	47075778	T	A	13095	2 2 2 1/0 0 0 1
chr1	47068623	T	C	1	47534295	T	C	13487	2 2 1 2/0 0 1 0
chr1	47144727	G	A	1	47610399	G	A	12860	2 2 2 1/0 0 0 1
chr1	47144918	A	C	1	47610590	A	C	12647	2 2 1 2/0 0 1 0
chr1	47281143	T	C	1	47746815	T	C	12304	2 2 1 2/0 0 1 0
chr1	47281151	A	G	1	47746823	A	G	12304	2 2 1 2/0 0 1 0
chr1	48232110	G	A	1	48697782	G	A	11052	2 2 2 1/0 0 0 1
chr1	50744796	C	A	1	51210468	C	A	12409	2 2 2 1/0 0 0 1
chr1	50858016	A	G	1	51323688	A	G	12901	2 2 1 2/0 0 1 0
chr1	51302554	G	A	1	51768226	G	A	12185	2 2 1/0 0 1
chr1	52027376	A	G	1	52493048	A	G	12044	2 2 1 2/0 0 1 0
chr1	52238878	T	G	1	52704550	T	G	11069	2 2 1/0 0 1
chr1	52263852	G	A	1	52729524	G	A	14270	2 2 1 2/0 0 1 0
chr1	52821421	T	TG	1	53287093	T	TG	11329	2 2 1/0 0 1
chr1	52857354	C	T	1	53323026	C	T	11472	2 2 2 1/0 0 0 1
chr1	52950834	CTG	C	1	53416506	CTG	C	11712	2 2 1 2/0 0 1 0
chr1	53047890	G	C	1	53513562	G	C	13330	2 2 2 1/0 0 0 1
chr1	53509888	A	C	1	53975561	A	C	12977	2 2 2 1/0 0 0 1
chr1	53594273	C	T	1	54059946	C	T	13227	2 2 2 1/0 0 0 1
chr1	53804031	T	C	1	54269704	T	C	11030	2 2 2 1/0 0 0 1
chr1	54228434	C	T	1	54694107	C	T	14578	2 2 1 2/0 0 1 0
chr1	54616121	G	A	1	55081794	G	A	13340	2 2 1 2/0 0 1 0
chr1	54702094	G	A	1	55167767	G	A	12792	2 2 1 2/0 0 1 0
chr1	54841706	C	T	1	55307379	C	T	13652	2 2 1/0 0 1
chr1	55046540	T	C	1	55512213	T	C	14593	2 2 1 2/0 0 1 0
chr1	55132585	G	A	1	55598258	G	A	12921	2 2 1 2/0 0 1 0
chr1	56819292	G	A	1	57284965	G	A	14197	2 2 2 1/0 0 0 1
chr1	57023630	T	G	1	57489303	T	G	11002	2 2 2 1/0 0 0 1
chr1	58576272	C	G	1	59041944	C	G	11544	2 2 2 1/0 0 0 1
chr1	59321658	G	T	1	59787330	G	T	11216	2 2 1 2/0 0 1 0
chr1	61088233	C	T	1	61553905	C	T	13670	2 2 1 2/0 0 1 0
chr1	62206761	T	C	1	62672433	T	C	12603	2 2 1/0 0 1
chr1	62494309	C	T	1	62959980	C	T	14244	2 2 1 2/0 0 1 0
chr1	62505803	G	A	1	62971474	G	A	12121	2 2 1 2/0 0 1 0
chr1	63411232	G	A	1	63876903	G	A	13115	2 2 2 1/0 0 0 1
chr1	64860142	C	T	1	65325825	C	T	11173	2 2 1/0 0 1
chr1	65386947	A	G	1	65852630	A	G	12955	2 2 2 1/0 0 0 1
chr1	65392498	A	G	1	65858181	A	G	11841	2 2 1/0 0 1
chr1	65420805	TG	T	1	65886488	TG	T	11368	2 2 1 2/0 0 1 0
chr1	66367772	G	A	1	66833455	G	A	12691	2 2 1 2/0 0 1 0
chr1	67413265	T	G	1	67878948	T	G	14156	2 2 2 1/0 0 0 1
chr1	68438275	C	T	1	68903958	C	T	12854	2 2 2 1/0 0 0 1
chr1	70148563	T	A	1	70614246	T	A	13418	2 2 1 2/0 0 1 0
chr1	70952947	A	G	1	71418630	A	G	12899	2 2 2 1/0 0 0 1
chr1	70974252	C	CG	1	71439935	C	CG	12501	2 2 1 2/0 0 1 0
chr1	74572273	T	C	1	75037957	T	C	11625	2 2 1 2/0 0 1 0
chr1	74589626	C	T	1	75055310	C	T	12201	2 2 2 1/0 0 0 1
chr1	75339540	G	A	1	75805225	G	A	13837	2 2 1 2/0 0 1 0
chr1	77535978	C	G	1	78001663	C	G	13809	2 2 1 2/0 0 1 0
chr1	77558570	GACTA	G	1	78024255	GACTA	G	11309	2 2 2 1/0 0 0 1
chr1	78628122	T	A	1	79093807	T	A	14441	2 2 1/0 0 1
chr1	78637046	A	G	1	79102731	A	G	14385	2 2 2 1/0 0 0 1
chr1	78654286	C	A	1	79119971	C	A	14009	2 2 1 2/0 0 1 0
chr1	78927032	C	T	1	79392717	C	T	14662	2 2 2 1/0 0 0 1
chr1	81969284	G	A	1	82434968	G	A	13496	2 2 1 2/0 0 1 0
chr1	84298296	T	C	1	84763979	T	C	13755	2 2 1/0 0 1
chr1	84479426	C	A	1	84945109	C	A	11263	2 2 1/0 0 1
chr1	85022319	C	T	1	85488002	C	T	13018	2 2 1 2/0 0 1 0
chr1	86356513	C	T	1	86822196	C	T	13829	2 2 2 1/0 0 0 1
chr1	86434725	G	C	1	86900408	G	C	13366	2 2 1 2/0 0 1 0
chr1	86447770	A	T	1	86913453	A	T	14017	2 2 1 2/0 0 1 0
chr1	88969448	G	A	1	89435131	G	A	11464	2 2 1/0 0 1
chr1	89056031	C	T	1	89521714	C	T	14282	2 2 2 1/0 0 0 1
chr1	89149501	T	C	1	89615184	T	C	13635	2 2 1/0 0 1
chr1	89149523	C	T	1	89615206	C	T	13625	2 2 2 1/0 0 0 1
chr1	89380447	A	G	1	89846006	A	G	11470	2 2 1 2/0 0 1 0
chr1	89583964	G	A	1	90049523	G	A	11569	2 2 1 2/0 0 1 0
chr1	90937997	C	A	1	91403554	C	A	13859	2 2 2 1/0 0 0 1
chr1	90939745	C	T	1	91405302	C	T	12641	2 2 1/0 0 1
chr1	91511850	C	T	1	91977407	C	T	12637	2 2 2 1/0 0 0 1
chr1	92242265	A	G	1	92707822	A	G	13506	2 2 1 2/0 0 1 0
chr1	92263725	C	T	1	92729282	C	T	12378	2 2 1/0 0 1
chr1	93115081	C	T	1	93580638	C	T	13371	2 2 1 2/0 0 1 0
chr1	93544160	A	C	1	94009717	A	C	11453	2 2 1 2/0 0 1 0
chr1	93584017	C	A	1	94049574	C	A	13069	2 2 2 1/0 0 0 1
chr1	94029594	G	C	1	94495150	G	C	13093	2 2 2 1/0 0 0 1
chr1	96723552	T	TTA	1	97189108	T	TTA	14621	2 2 1/0 0 1
chr1	99900750	G	A	1	100366306	G	A	13039	2 2 1 2/0 0 1 0
chr1	100107682	T	C	1	100573238	T	C	13349	2 2 1 2/0 0 1 0
chr1	100140995	G	A	1	100606551	G	A	14081	2 2 1 2/0 0 1 0
chr1	100277302	C	T	1	100742858	C	T	14286	2 2 1 2/0 0 1 0
chr1	101804525	T	C	1	102270081	T	C	11869	2 2 2 1/0 0 0 1
chr1	101806079	GTTGT	G	1	102271635	GTTGT	G	14463	2 2 1 2/0 0 1 0
chr1	102886998	C	A	1	103352554	C	A	13739	2 2 2 1/0 0 0 1
chr1	103579373	G	C	1	104121995	G	C	11691	2 2 1 2/0 0 1 0
chr1	107148661	A	G	1	107691283	A	G	12532	2 2 1/0 0 1
chr1	107324439	C	T	1	107867061	C	T	11660	2 2 1/0 0 1
chr1	107760791	AG	A	1	108303413	AG	A	12087	2 2 1/0 0 1
chr1	109199954	G	A	1	109742576	G	A	12821	2 2 1 2/0 0 1 0
chr1	109258793	G	A	1	109801415	G	A	12289	2 2 1 2/0 0 1 0
chr1	109271410	C	T	1	109814032	C	T	13714	2 2 1 2/0 0 1 0
chr1	109340708	C	T	1	109883330	C	T	14412	2 2 1 2/0 0 1 0
chr1	109475622	C	T	1	110018244	C	T	12864	2 2 1 2/0 0 1 0
chr1	109626769	G	A	1	110169391	G	A	14061	2 2 1 2/0 0 1 0
chr1	109752211	G	T	1	110294833	G	T	14230	2 2 1 2/0 0 1 0
chr1	110194582	G	A	1	110737204	G	A	12804	2 2 2 1/0 0 0 1
chr1	110232976	G	A	1	110775598	G	A	12187	2 2 2 1/0 0 0 1
chr1	110340407	G	A	1	110883029	G	A	13934	2 2 2 1/0 0 0 1
chr1	110401562	G	A	1	110944184	G	A	14585	2 2 1/0 0 1
chr1	111120701	A	G	1	111663323	A	G	12360	2 2 1 2/0 0 1 0
chr1	111766162	T	G	1	112308784	T	G	11055	2 2 1/0 0 1
chr1	111982470	C	G	1	112525092	C	G	14020	2 2 1/0 0 1
chr1	111982473	T	A	1	112525095	T	A	14020	2 2 1/0 0 1
chr1	112584139	C	T	1	113126761	C	T	13159	2 2 1 2/0 0 1 0
chr1	112698470	CG	C	1	113241092	CG	C	12473	2 2 1 2/0 0 1 0
chr1	112699707	A	G	1	113242329	A	G	14361	2 2 2 1/0 0 0 1
chr1	113594470	T	G	1	114137092	T	G	14486	2 2 2 1/0 0 0 1
chr1	113911775	C	T	1	114454397	C	T	11411	2 2 2 1/0 0 0 1
chr1	113940844	G	C	1	114483466	G	C	12575	2 2 2 1/0 0 0 1
chr1	114738043	G	A	1	115280664	G	A	13608	2 2 1 2/0 0 1 0
chr1	114739826	G	C	1	115282447	G	C	12628	2 2 2 1/0 0 0 1
chr1	116133137	G	A	1	116675758	G	A	13314	2 2 1/0 0 1
chr1	116374242	G	A	1	116916864	G	A	14003	2 2 1 2/0 0 1 0
chr1	116600130	G	A	1	117142752	G	A	13077	2 2 1 2/0 0 1 0
chr1	116942059	T	C	1	117484681	T	C	14242	2 2 1 2/0 0 1 0
chr1	116984710	C	T	1	117527332	C	T	13857	2 2 1/0 0 1
chr1	117011542	G	T	1	117554164	G	T	11395	2 2 2 1/0 0 0 1
chr1	117623547	C	T	1	118166169	C	T	13720	2 2 2 1/0 0 0 1
chr1	118023432	C	T	1	118566055	C	T	13795	2 2 1 2/0 0 1 0
chr1	119511592	A	G	1	120054215	A	G	13120	2 2 1 2/0 0 1 0
chr1	119755524	A	G	1	120298147	A	G	12657	2 2 2 1/0 0 0 1
chr1	119768741	C	A	1	120311364	C	A	11292	2 2 1/0 0 1
chr1	149072901	C	T	1	144814711	C	T	12588	2 2 2 1/0 0 0 1
chr1	148937809	C	T	1	144946680	C	T	12723	2 2 2 1/0 0 0 1
chr1	146156504	A	G	1	145281680	A	G	11910	2 2 1/0 0 1
chr1	145995384	A	G	1	145439685	A	G	14169	2 2 1 2/0 0 1 0
chr1	145927377	T	C	1	145507716	T	C	13924	2 2 1 2/0 0 1 0
chr1	145901673	C	T	1	145533403	C	T	13309	2 2 2 1/0 0 0 1
chr1	145873884	G	A	1	145561197	G	A	11676	2 2 1 2/0 0 1 0
chr1	145845704	A	AGT	1	145589354	C	CCA	13839	2 2 1 2/0 0 1 0
chr1	143904405	C	G	1	149398981	C	G	14351	2 2 2 1/0 0 0 1
chr1	149909476	C	G	1	149881028	C	G	13984	2 2 1 2/0 0 1 0
chr1	149923707	C	T	1	149895599	C	T	12271	2 2 2 1/0 0 0 1
chr1	150156957	C	CGT	1	150129151	C	CGT	14107	2 2 1 2/0 0 1 0
chr1	150496648	A	C	1	150469124	A	C	14339	2 2 2 1/0 0 0 1
chr1	150512443	G	A	1	150484919	G	A	11169	2 2 2 1/0 0 0 1
chr1	150557035	C	T	1	150529511	C	T	14441	2 2 1/0 0 1
chr1	150558945	G	A	1	150531421	G	A	12403	2 2 2 1/0 0 0 1
chr1	150559318	G	A	1	150531794	G	A	13813	2 2 2 1/0 0 0 1
chr1	150629521	AG	A	1	150601997	AG	A	12438	2 2 1 2/0 0 1 0
chr1	150711808	G	T	1	150684284	G	T	11513	2 2 1 2/0 0 1 0
chr1	150816805	C	A	1	150789281	C	A	12741	2 2 1 2/0 0 1 0
chr1	150951392	T	C	1	150923868	T	C	13099	2 2 2 1/0 0 0 1
chr1	150969009	G	A	1	150941485	G	A	11268	2 2 2 1/0 0 0 1
chr1	151043354	T	C	1	151015830	T	C	13058	2 2 1 2/0 0 1 0
chr1	151046632	C	T	1	151019108	C	T	12891	2 2 2 1/0 0 0 1
chr1	151160934	G	A	1	151133410	G	A	12878	2 2 1/0 0 1
chr1	151364990	G	A	1	151337466	G	A	13802	2 2 2 1/0 0 0 1
chr1	151405427	T	TCGTCATCA	1	151377903	T	TCGTCATCA	13398	2 2 1 2/0 0 1 0
chr1	151405777	C	T	1	151378253	C	T	12854	2 2 1 2/0 0 1 0
chr1	151406013	G	A	1	151378489	G	A	13627	2 2 1 2/0 0 1 0
chr1	151411761	T	C	1	151384237	T	C	14551	2 2 1 2/0 0 1 0
chr1	151425019	C	T	1	151397495	C	T	11999	2 2 2 1/0 0 0 1
chr1	151427960	C	T	1	151400436	C	T	14483	2 2 1 2/0 0 1 0
chr1	151524313	G	A	1	151496789	G	A	11622	2 2 2 1/0 0 0 1
chr1	151714684	G	C	1	151687160	G	C	13515	2 2 2 1/0 0 0 1
chr1	152108506	G	C	1	152080982	G	C	14379	2 2 1 2/0 0 1 0
chr1	152155322	C	T	1	152127798	C	T	13028	2 2 2 1/0 0 0 1
chr1	152156112	G	C	1	152128588	G	C	13215	2 2 1 2/0 0 1 0
chr1	152313236	T	G	1	152285712	T	G	12194	2 2 1/0 0 1
chr1	152314443	CCT	C	1	152286919	CCT	C	13471	2 2 1 2/0 0 1 0
chr1	152760633	C	G	1	152733109	C	G	13820	2 2 1 2/0 0 1 0
chr1	152812493	G	A	1	152784969	G	A	12060	2 2 1 2/0 0 1 0
chr1	152985408	A	G	1	152957884	A	G	11483	2 2 1 2/0 0 1 0
chr1	153003241	G	C	1	152975717	G	C	12550	2 2 2 1/0 0 0 1
chr1	153261012	CGGCGGT	C	1	153233488	CGGCGGT	C	14330	2 2 1 2/0 0 1 0
chr1	153645083	G	A	1	153617559	G	A	12617	2 2 2 1/0 0 0 1
chr1	153665244	G	A	1	153637720	G	A	14621	2 2 1/0 0 1
chr1	153939707	T	C	1	153912183	T	C	13168	2 2 1 2/0 0 1 0
chr1	153944350	G	A	1	153916826	G	A	14370	2 2 1 2/0 0 1 0
chr1	154173021	C	CCA	1	154145497	C	CCA	14008	2 2 2 1/0 0 0 1
chr1	154255200	T	TC	1	154227676	T	TC	14401	2 2 1 2/0 0 1 0
chr1	154349114	G	A	1	154321590	G	A	14220	2 2 1/0 0 1
chr1	154435043	C	T	1	154407519	C	T	11429	2 2 2 1/0 0 0 1
chr1	154521435	C	T	1	154493911	C	T	14556	2 2 1 2/0 0 1 0
chr1	154947668	C	T	1	154920144	C	T	13727	2 2 2 1/0 0 0 1
chr1	155018617	G	A	1	154991093	G	A	12951	2 2 2 1/0 0 0 1
chr1	155024609	C	T	1	154997085	C	T	13362	2 2 1/0 0 1
chr1	155184104	G	A	1	155156580	G	A	13773	2 2 1 2/0 0 1 0
chr1	155198167	C	T	1	155167958	C	T	13135	2 2 1 2/0 0 1 0
chr1	155198494	A	G	1	155168285	A	G	13902	2 2 1/0 0 1
chr1	155370889	C	A	1	155340680	C	A	13678	2 2 1/0 0 1
chr1	155737057	G	A	1	155706848	G	A	14183	2 2 1 2/0 0 1 0
chr1	155765739	A	C	1	155735530	A	C	11869	2 2 1 2/0 0 1 0
chr1	155766220	G	A	1	155736011	G	A	11060	2 2 1 2/0 0 1 0
chr1	155822457	T	G	1	155792248	T	G	13400	2 2 1/0 0 1
chr1	156066104	G	A	1	156035895	G	A	14055	2 2 1 2/0 0 1 0
chr1	156274623	C	T	1	156244414	C	T	13498	2 2 2 1/0 0 0 1
chr1	156286273	C	T	1	156256064	C	T	14328	2 2 2 1/0 0 0 1
chr1	156477071	G	A	1	156446863	G	A	14570	2 2 2 1/0 0 0 1
chr1	156480933	G	A	1	156450725	G	A	11284	2 2 2 1/0 0 0 1
chr1	156534119	G	C	1	156503911	G	C	11067	2 2 1 2/0 0 1 0
chr1	156566413	C	T	1	156536205	C	T	14531	2 2 1 2/0 0 1 0
chr1	156843468	AG	A	1	156813260	AG	A	14523	2 2 2 1/0 0 0 1
chr1	156908715	C	G	1	156878507	C	G	12888	2 2 1 2/0 0 1 0
chr1	156913242	C	T	1	156883034	C	T	13425	2 2 1/0 0 1
chr1	156929267	T	C	1	156899059	T	C	11260	2 2 1 2/0 0 1 0
chr1	156939589	G	A	1	156909381	G	A	13115	2 2 1 2/0 0 1 0
chr1	156941411	C	T	1	156911203	C	T	12091	2 2 2 1/0 0 0 1
chr1	157695417	CAGAG	C	1	157665207	CAGAG	C	12679	2 2 2 1/0 0 0 1
chr1	158076177	G	A	1	158045967	G	A	14537	2 2 2 1/0 0 0 1
chr1	158420225	G	A	1	158390015	G	A	12360	2 2 2 1/0 0 0 1
chr1	158606561	C	A	1	158576351	C	A	12933	2 2 1/0 0 1
chr1	158606697	G	GT	1	158576487	G	GT	12289	2 2 1 2/0 0 1 0
chr1	158615372	C	T	1	158585162	C	T	11879	2 2 2 1/0 0 0 1
chr1	158776940	T	C	1	158746730	T	C	11470	2 2 1 2/0 0 1 0
chr1	158942365	G	A	1	158912155	G	A	13398	2 2 1 2/0 0 1 0
chr1	159206375	C	T	1	159176165	C	T	13637	2 2 1 2/0 0 1 0
chr1	159313933	C	T	1	159283723	C	T	14224	2 2 1 2/0 0 1 0
chr1	159587963	C	T	1	159557753	C	T	14582	2 2 1 2/0 0 1 0
chr1	159808960	G	A	1	159778750	G	A	11524	2 2 1 2/0 0 1 0
chr1	159857870	A	G	1	159827660	A	G	11520	2 2 2 1/0 0 0 1
chr1	160156153	C	T	1	160125943	C	T	13846	2 2 1/0 0 1
chr1	160490650	G	C	1	160460440	G	C	11047	2 2 2 1/0 0 0 1
chr1	160998995	C	CACT	1	160968785	C	CACT	13727	2 2 1 2/0 0 1 0
chr1	161047972	G	A	1	161017762	G	A	11466	2 2 1 2/0 0 1 0
chr1	161053306	ACTC	A	1	161023096	ACTC	A	13628	2 2 1 2/0 0 1 0
chr1	161222496	T	C	1	161192286	T	C	12115	2 2 2 1/0 0 0 1
chr1	161526209	G	A	1	161495999	G	A	12208	2 2 1/0 0 1
chr1	162767330	A	G	1	162737120	A	G	12212	2 2 1/0 0 1
chr1	163161947	C	T	1	163131737	C	T	11730	2 2 2 1/0 0 0 1
chr1	165249490	CT	C	1	165218727	CT	C	14252	2 2 2 1/0 0 0 1
chr1	166849066	G	A	1	166818303	G	A	11085	2 2 2 1/0 0 0 1
chr1	166849676	C	T	1	166818913	C	T	14433	2 2 2 1/0 0 0 1
chr1	167901720	G	A	1	167870958	G	A	13043	2 2 1 2/0 0 1 0
chr1	169127268	C	T	1	169096506	C	T	12840	2 2 1 2/0 0 1 0
chr1	169421510	G	A	1	169390748	G	A	11394	2 2 1/0 0 1
chr1	169612954	C	T	1	169582192	C	T	11490	2 2 2 1/0 0 0 1
chr1	169782358	G	A	1	169751499	G	A	12950	2 2 1 2/0 0 1 0
chr1	169837968	G	A	1	169807109	G	A	14437	2 2 2 1/0 0 0 1
chr1	171117427	C	T	1	171086567	C	T	12926	2 2 1 2/0 0 1 0
chr1	171579837	G	A	1	171548976	G	A	11003	2 2 1 2/0 0 1 0
chr1	173521391	G	A	1	173490530	G	A	13365	2 2 1/0 0 1
chr1	173857599	A	G	1	173826737	A	G	13961	2 2 1 2/0 0 1 0
chr1	173904038	C	G	1	173873176	C	G	11190	2 2 2 1/0 0 0 1
chr1	173961825	ACTG	A	1	173930963	ACTG	A	11939	2 2 2 1/0 0 0 1
chr1	175098508	C	T	1	175067644	C	T	13097	2 2 2 1/0 0 0 1
chr1	175118670	G	A	1	175087806	G	A	13237	2 2 2 1/0 0 0 1
chr1	175989416	T	C	1	175958552	T	C	14575	2 2 1 2/0 0 1 0
chr1	177967773	G	A	1	177936908	G	A	14051	2 2 1 2/0 0 1 0
chr1	178897696	G	A	1	178866831	G	A	12967	2 2 2 1/0 0 0 1
chr1	179044201	G	A	1	179013336	G	A	14538	2 2 2 1/0 0 0 1
chr1	179107972	C	T	1	179077107	C	T	14242	2 2 1 2/0 0 1 0
chr1	179342117	C	A	1	179311252	C	A	12316	2 2 2 1/0 0 0 1
chr1	179635808	A	G	1	179604943	A	G	13589	2 2 2 1/0 0 0 1
chr1	179639902	G	A	1	179609037	G	A	13621	2 2 2 1/0 0 0 1
chr1	179851088	GGAGGT	G	1	179820223	GGAGGT	G	14086	2 2 1 2/0 0 1 0
chr1	180013913	A	C	1	179983048	A	C	11055	2 2 1/0 0 1
chr1	181052465	C	T	1	181021601	C	T	12685	2 2 1 2/0 0 1 0
chr1	181737560	G	A	1	181706696	G	A	11673	2 2 2 1/0 0 0 1
chr1	181739159	G	A	1	181708295	G	A	11773	2 2 1 2/0 0 1 0
chr1	181798735	G	A	1	181767871	G	A	14582	2 2 2 1/0 0 0 1
chr1	182056471	G	A	1	182025606	G	A	14440	2 2 2 1/0 0 0 1
chr1	182473756	C	T	1	182442891	C	T	12007	2 2 2 1/0 0 0 1
chr1	182883530	G	A	1	182852665	G	A	12773	2 2 1 2/0 0 1 0
chr1	183117395	T	C	1	183086530	T	C	11189	2 2 1 2/0 0 1 0
chr1	183215537	C	T	1	183184672	C	T	14303	2 2 2 1/0 0 0 1
chr1	183533733	C	T	1	183502868	C	T	14287	2 2 1/0 0 1
chr1	183551081	C	T	1	183520216	C	T	14343	2 2 2 1/0 0 0 1
chr1	183926192	T	C	1	183895326	T	C	11658	2 2 1 2/0 0 1 0
chr1	183926252	G	A	1	183895386	G	A	12558	2 2 1/0 0 1
chr1	186108451	T	G	1	186077583	T	G	11045	2 2 2 1/0 0 0 1
chr1	186187873	C	T	1	186157005	C	T	12693	2 2 1 2/0 0 1 0
chr1	186312303	A	G	1	186281435	A	G	11026	2 2 1 2/0 0 1 0
chr1	186336569	T	C	1	186305701	T	C	12719	2 2 1 2/0 0 1 0
chr1	186368001	A	G	1	186337133	A	G	12175	2 2 2 1/0 0 0 1
chr1	186374916	C	T	1	186344048	C	T	14033	2 2 1/0 0 1
chr1	192810272	G	A	1	192779402	G	A	12851	2 2 1 2/0 0 1 0
chr1	193075995	ATTAG	A	1	193045125	ATTAG	A	12826	2 2 1 2/0 0 1 0
chr1	196282325	G	A	1	196251455	G	A	11090	2 2 2 1/0 0 0 1
chr1	196428151	A	G	1	196397281	A	G	13735	2 2 2 1/0 0 0 1
chr1	197104582	A	G	1	197073712	A	G	11939	2 2 1 2/0 0 1 0
chr1	197159433	A	G	1	197128563	A	G	11526	2 2 1/0 0 1
chr1	200598399	A	G	1	200567527	A	G	13168	2 2 2 1/0 0 0 1
chr1	200608890	A	G	1	200578018	A	G	11797	2 2 2 1/0 0 0 1
chr1	200618013	C	T	1	200587141	C	T	11521	2 2 1 2/0 0 1 0
chr1	200842017	G	A	1	200811145	G	A	11178	2 2 2 1/0 0 0 1
chr1	201002212	G	A	1	200971340	G	A	11577	2 2 2 1/0 0 0 1
chr1	201078090	C	T	1	201047218	C	T	12472	2 2 1/0 0 1
chr1	201092041	C	T	1	201061169	C	T	12916	2 2 1 2/0 0 1 0
chr1	201224823	A	G	1	201193951	A	G	14036	2 2 2 1/0 0 0 1
chr1	201899899	C	T	1	201869027	C	T	12483	2 2 2 1/0 0 0 1
chr1	202150396	T	C	1	202119524	T	C	14581	2 2 1/0 0 1
chr1	202562802	T	G	1	202531930	T	G	14256	2 2 2 1/0 0 0 1
chr1	202729044	G	A	1	202698172	G	A	13664	2 2 1 2/0 0 1 0
chr1	202736338	G	A	1	202705466	G	A	12418	2 2 1 2/0 0 1 0
chr1	202741560	G	A	1	202710688	G	A	12369	2 2 2 1/0 0 0 1
chr1	202742656	T	TA	1	202711784	T	TA	11178	2 2 2 1/0 0 0 1
chr1	202745916	G	C	1	202715044	G	C	11003	2 2 2 1/0 0 0 1
chr1	202745938	A	G	1	202715066	A	G	13631	2 2 1 2/0 0 1 0
chr1	202777091	A	G	1	202746219	A	G	14203	2 2 2 1/0 0 0 1
chr1	202777091	A	T	1	202746219	A	T	14189	2 2 1 2/0 0 1 0
chr1	202925054	A	G	1	202894182	A	G	11376	2 2 2 1/0 0 0 1
chr1	203183675	C	T	1	203152803	C	T	13133	2 2 2 1/0 0 0 1
chr1	203347474	C	G	1	203316602	C	G	11264	2 2 1 2/0 0 1 0
chr1	203483854	A	G	1	203452982	A	G	14203	2 2 2 1/0 0 0 1
chr1	203499636	T	C	1	203468764	T	C	11200	2 2 2 1/0 0 0 1
chr1	203683258	G	A	1	203652386	G	A	12302	2 2 1 2/0 0 1 0
chr1	203727377	C	T	1	203696505	C	T	12664	2 2 2 1/0 0 0 1
chr1	203847365	G	T	1	203816493	G	T	14581	2 2 1/0 0 1
chr1	204134693	C	A	1	204103821	C	A	13681	2 2 1 2/0 0 1 0
chr1	204267552	G	A	1	204236680	G	A	13160	2 2 2 1/0 0 0 1
chr1	204977687	A	G	1	204946815	A	G	12687	2 2 1 2/0 0 1 0
chr1	205272058	G	C	1	205241186	G	C	14360	2 2 2 1/0 0 0 1
chr1	205523175	T	C	1	205492303	T	C	12616	2 2 1 2/0 0 1 0
chr1	205828706	A	G	1	205797834	A	G	12055	2 2 1 2/0 0 1 0
chr1	206485018	G	A	1	206658355	G	A	11353	2 2 1 2/0 0 1 0
chr1	207021950	C	T	1	207195295	C	T	14058	2 2 2 1/0 0 0 1
chr1	207063812	AT	A	1	207237157	AT	A	14508	2 2 1 2/0 0 1 0
chr1	207071166	C	T	1	207244511	C	T	13251	2 2 1 2/0 0 1 0
chr1	207620065	C	T	1	207793410	C	T	13826	2 2 1/0 0 1
chr1	207701587	G	A	1	207874932	G	A	12093	2 2 1/0 0 1
chr1	208217760	C	T	1	208391105	C	T	14356	2 2 1 2/0 0 1 0
chr1	209650014	A	C	1	209823359	A	C	12605	2 2 1 2/0 0 1 0
chr1	209839043	T	A	1	210012388	T	A	13133	2 2 2 1/0 0 0 1
chr1	209840984	C	T	1	210014329	C	T	14637	2 2 1 2/0 0 1 0
chr1	210155788	T	G	1	210329133	T	G	11792	2 2 1 2/0 0 1 0
chr1	210919903	A	G	1	211093245	A	G	12645	2 2 2 1/0 0 0 1
chr1	212016958	C	G	1	212190300	C	G	12494	2 2 1 2/0 0 1 0
chr1	212358753	G	A	1	212532095	G	A	11433	2 2 2 1/0 0 0 1
chr1	212787631	CAA	C	1	212960973	CAA	C	14054	2 2 2 1/0 0 0 1
chr1	212797207	T	C	1	212970549	T	C	14090	2 2 1 2/0 0 1 0
chr1	212995176	C	T	1	213168518	C	T	14481	2 2 1 2/0 0 1 0
chr1	214369557	C	T	1	214542900	C	T	12821	2 2 2 1/0 0 0 1
chr1	214464702	C	T	1	214638045	C	T	14213	2 2 1 2/0 0 1 0
chr1	215578034	G	A	1	215751377	G	A	13772	2 2 1 2/0 0 1 0
chr1	215838089	T	C	1	216011431	T	C	12600	2 2 1/0 0 1
chr1	215889006	A	C	1	216062348	A	C	11897	2 2 1 2/0 0 1 0
chr1	216321989	G	A	1	216495331	G	A	13130	2 2 1 2/0 0 1 0
chr1	219997196	ATCT	A	1	220170538	ATCT	A	14648	2 2 1 2/0 0 1 0
chr1	220022446	C	T	1	220195788	C	T	12247	2 2 1 2/0 0 1 0
chr1	220157455	C	G	1	220330797	C	G	11397	2 2 2 1/0 0 0 1
chr1	220172650	C	T	1	220345992	C	T	14005	2 2 2 1/0 0 0 1
chr1	221336077	T	A	1	221509419	T	A	14491	2 2 1 2/0 0 1 0
chr1	222523659	A	G	1	222697001	A	G	14572	2 2 2 1/0 0 0 1
chr1	222730012	C	T	1	222903354	C	T	12449	2 2 2 1/0 0 0 1
chr1	222747058	G	A	1	222920400	G	A	12655	2 2 1 2/0 0 1 0
chr1	222991564	A	G	1	223164906	A	G	13894	2 2 2 1/0 0 0 1
chr1	223002876	C	T	1	223176218	C	T	14612	2 2 2 1/0 0 0 1
chr1	223004400	G	A	1	223177742	G	A	14441	2 2 1/0 0 1
chr1	223264752	G	A	1	223438094	G	A	14062	2 2 1/0 0 1
chr1	223622820	G	A	1	223810522	G	A	11718	2 2 1 2/0 0 1 0
chr1	223665516	AC	A	1	223853218	AC	A	13977	2 2 1 2/0 0 1 0
chr1	224424557	G	A	1	224612259	G	A	13489	2 2 1/0 0 1
chr1	224424636	G	A	1	224612338	G	A	13176	2 2 2 1/0 0 0 1
chr1	226889034	G	T	1	227076735	G	T	14675	2 2 2 1/0 0 0 1
chr1	226982715	C	T	1	227170416	C	T	13898	2 2 2 1/0 0 0 1
chr1	227029056	G	A	1	227216757	G	A	11154	2 2 2 1/0 0 0 1
chr1	227817400	C	T	1	228005101	C	T	14328	2 2 2 1/0 0 0 1
chr1	227845524	G	A	1	228033225	G	A	11164	2 2 1 2/0 0 1 0
chr1	227924252	GC	G	1	228111953	GC	G	11042	2 2 1 2/0 0 1 0
chr1	228107972	A	T	1	228295673	A	T	14475	2 2 2 1/0 0 0 1
chr1	228246609	G	A	1	228434310	G	A	11226	2 2 1 2/0 0 1 0
chr1	228322023	G	A	1	228509724	G	A	13705	2 2 1 2/0 0 1 0
chr1	228350868	G	A	1	228538569	G	A	14168	2 2 1 2/0 0 1 0
chr1	228360674	C	T	1	228548375	C	T	11397	2 2 1 2/0 0 1 0
chr1	228409233	T	TG	1	228596934	T	TG	13586	2 2 1 2/0 0 1 0
chr1	228413846	C	G	1	228601547	C	G	12096	2 2 2 1/0 0 0 1
chr1	229460761	T	C	1	229596508	T	C	12153	2 2 1 2/0 0 1 0
chr1	229466687	T	C	1	229602434	T	C	13703	2 2 1 2/0 0 1 0
chr1	229502018	G	A	1	229637765	G	A	12821	2 2 1 2/0 0 1 0
chr1	230704308	A	T	1	230840054	A	T	14030	2 2 1 2/0 0 1 0
chr1	230855760	G	C	1	230991506	G	C	14023	2 2 2 1/0 0 0 1
chr1	231224400	T	C	1	231360146	T	C	13204	2 2 2 1/0 0 0 1
chr1	231270887	T	C	1	231406633	T	C	13993	2 2 2 1/0 0 0 1
chr1	231693870	C	T	1	231829616	C	T	12343	2 2 1 2/0 0 1 0
chr1	231800202	C	G	1	231935948	C	G	12429	2 2 1/0 0 1
chr1	233263174	G	A	1	233398920	G	A	13604	2 2 1 2/0 0 1 0
chr1	236543590	C	A	1	236706890	C	A	14371	2 2 2 1/0 0 0 1
chr1	236816486	T	C	1	236979786	T	C	11990	2 2 1 2/0 0 1 0
chr1	237503434	C	T	1	237666734	C	T	13958	2 2 1/0 0 1
chr1	237659974	CT	C	1	237823274	CT	C	11042	2 2 1 2/0 0 1 0
chr1	237771993	A	AT	1	237935293	A	AT	11425	2 2 2 1/0 0 0 1
chr1	240801455	C	T	1	240964755	C	T	11382	2 2 2 1/0 0 0 1
chr1	240813689	C	T	1	240976989	C	T	14288	2 2 2 1/0 0 0 1
chr1	241355717	G	T	1	241519017	G	T	11336	2 2 2 1/0 0 0 1
chr1	241513592	T	C	1	241676892	T	C	13858	2 2 1 2/0 0 1 0
chr1	242220040	T	C	1	242383342	T	C	12055	2 2 1 2/0 0 1 0
chr1	243552723	G	GCTT	1	243716025	G	GCTT	13715	2 2 1/0 0 1
chr1	244375354	C	T	1	244538656	C	T	13267	2 2 1 2/0 0 1 0
chr1	244388989	C	T	1	244552291	C	T	13612	2 2 2 1/0 0 0 1
chr1	244490396	T	G	1	244653698	T	G	11561	2 2 2 1/0 0 0 1
chr1	246591635	G	A	1	246754937	G	A	11346	2 2 1/0 0 1
chr1	246758329	C	T	1	246921631	C	T	13552	2 2 2 1/0 0 0 1
chr1	247418951	G	A	1	247582253	G	A	13277	2 2 1 2/0 0 1 0
chr1	247451420	A	G	1	247614722	A	G	13446	2 2 1/0 0 1
chr1	247451960	A	G	1	247615262	A	G	11475	2 2 2 1/0 0 0 1
chr1	247605612	A	G	1	247768914	A	G	14001	2 2 1 2/0 0 1 0
chr1	247841725	G	C	1	248005027	G	C	13274	2 2 1/0 0 1
chr1	247895687	C	T	1	248058989	C	T	13875	2 2 2 1/0 0 0 1
chr1	248180940	T	A	1	248344242	T	A	12020	2 2 2 1/0 0 0 1
chr1	248406358	A	G	1	248569659	A	G	13939	2 2 1 2/0 0 1 0
chr1	248474090	C	T	1	248637391	C	T	12078	2 2 1 1/0 0 1 1
chr1	248592974	G	T	1	248756275	G	T	11616	2 2 1 2/0 0 1 0
chr1	248848342	G	A	1	249142541	G	A	12836	2 2 2 1/0 0 0 1
chr1	248855752	G	A	1	249149951	G	A	14615	2 2 2 1/0 0 0 1
chr14	18967754	C	T	14	19553685	C	T	13166	2 2 2 1/0 0 0 1
chr14	20584278	A	G	14	21052437	A	G	14291	2 2 1 2/0 0 1 0
chr14	20994001	G	A	14	21462160	G	A	11494	2 2 1 2/0 0 1 0
chr14	20996199	G	A	14	21464358	G	A	13621	2 2 1 2/0 0 1 0
chr14	21000928	C	A	14	21469087	C	A	11218	2 2 1/0 0 1
chr14	21018739	C	A	14	21486898	C	A	13451	2 2 1/0 0 1
chr14	21091892	C	A	14	21560051	C	A	13769	2 2 1 2/0 0 1 0
chr14	21101862	C	A	14	21570021	C	A	14485	2 2 2 1/0 0 0 1
chr14	21360512	C	T	14	21828671	C	T	11089	2 2 1 2/0 0 1 0
chr14	21368392	G	A	14	21836551	G	A	14116	2 2 2 1/0 0 0 1
chr14	21385863	GGGT	G	14	21854022	GGGT	G	14406	2 2 1 2/0 0 1 0
chr14	21391016	A	AT	14	21859175	A	AT	14233	2 2 1 2/0 0 1 0
chr14	21393217	ACT	A	14	21861376	ACT	A	12752	2 2 1/0 0 1
chr14	21393484	TCTTC	T	14	21861643	TCTTC	T	12991	2 2 1/0 0 1
chr14	21402010	G	A	14	21870169	G	A	14016	2 2 1 2/0 0 1 0
chr14	21403019	G	A	14	21871178	G	A	13844	2 2 1/0 0 1
chr14	21403214	T	C	14	21871373	T	C	11654	2 2 1 2/0 0 1 0
chr14	21427830	ACTCTTGCACGTCCCATCACAGTAGCAAGGAGTACTCACTTGAGCTTG	A	14	21895989	ACTCTTGCACGTCCCATCACAGTAGCAAGGAGTACTCACTTGAGCTTG	A	13900	2 2 1 2/0 0 1 0
chr14	21643059	AC	A	14	22111279	AC	A	14016	2 2 1 2/0 0 1 0
chr14	21665215	A	G	14	22133429	A	G	12540	2 2 1 2/0 0 1 0
chr14	21783315	G	A	14	22251532	G	A	12072	2 2 2 1/0 0 0 1
chr14	22148076	G	A	14	22616030	G	A	11617	2 2 1/0 0 1
chr14	22511001	G	A	14	22979984	G	A	13841	2 2 1 2/0 0 1 0
chr14	22774371	G	A	14	23243580	G	A	12300	2 2 1/0 0 1
chr14	22775482	C	T	14	23244691	C	T	11457	2 2 2 1/0 0 0 1
chr14	22901745	A	C	14	23370954	A	C	12955	2 2 1 2/0 0 1 0
chr14	22922866	TG	T	14	23392075	TG	T	13307	2 2 1 2/0 0 1 0
chr14	22987423	T	C	14	23456632	T	C	13503	2 2 2 1/0 0 0 1
chr14	23055229	C	T	14	23524438	C	T	12211	2 2 1 2/0 0 1 0
chr14	23079584	C	T	14	23548793	C	T	13851	2 2 2 1/0 0 0 1
chr14	23323102	GTTC	G	14	23792311	GTTC	G	14364	2 2 2 1/0 0 0 1
chr14	23386060	C	G	14	23855269	C	G	12735	2 2 2 1/0 0 0 1
chr14	23388978	C	T	14	23858187	C	T	14394	2 2 2 1/0 0 0 1
chr14	23564547	C	G	14	24033756	C	G	13672	2 2 1/0 0 1
chr14	23569729	GA	G	14	24038938	GA	G	14228	2 2 1 2/0 0 1 0
chr14	23644099	G	T	14	24113308	G	T	14335	2 2 2 1/0 0 0 1
chr14	24043828	G	A	14	24513037	G	A	12015	2 2 1/0 0 1
chr14	24119799	G	A	14	24589008	G	A	12501	2 2 1 2/0 0 1 0
chr14	24151798	C	T	14	24621007	C	T	13203	2 2 2 1/0 0 0 1
chr14	24187426	C	T	14	24656632	C	T	11028	2 2 2 1/0 0 0 1
chr14	24211567	C	G	14	24680773	C	G	11181	2 2 2 1/0 0 0 1
chr14	24214322	C	T	14	24683528	C	T	12399	2 2 2 1/0 0 0 1
chr14	24236103	A	G	14	24705309	A	G	13176	2 2 2 1/0 0 0 1
chr14	24268365	C	T	14	24737571	C	T	12669	2 2 1 2/0 0 1 0
chr14	24428344	C	T	14	24897550	C	T	12647	2 2 2 1/0 0 0 1
chr14	29632940	G	A	14	30102146	G	A	11209	2 2 1/0 0 1
chr14	30885786	C	A	14	31354992	C	A	13602	2 2 1 2/0 0 1 0
chr14	30889794	G	A	14	31359000	G	A	14587	2 2 2 1/0 0 0 1
chr14	31144124	G	GT	14	31613330	G	GT	13711	2 2 1/0 0 1
chr14	31171901	AATG	A	14	31641107	AATG	A	12787	2 2 1 2/0 0 1 0
chr14	32092131	G	T	14	32561337	G	T	13097	2 2 1 2/0 0 1 0
chr14	34758752	T	C	14	35227958	T	C	11696	2 2 2 1/0 0 0 1
chr14	34862144	G	A	14	35331350	G	A	14543	2 2 1/0 0 1
chr14	35127480	G	A	14	35596686	G	A	14614	2 2 2 1/0 0 0 1
chr14	35273419	CTT	C	14	35742625	CTT	C	13839	2 2 2 1/0 0 0 1
chr14	35627121	TAAG	T	14	36096327	TAAG	T	14617	2 2 1 2/0 0 1 0
chr14	35664671	C	T	14	36133877	C	T	14160	2 2 2 1/0 0 0 1
chr14	37308027	A	G	14	37777232	A	G	13516	2 2 1/0 0 1
chr14	44931437	A	G	14	45400640	A	G	14545	2 2 1 2/0 0 1 0
chr14	45224265	T	C	14	45693468	T	C	14684	2 2 2 1/0 0 0 1
chr14	45224501	T	C	14	45693704	T	C	14259	2 2 2 1/0 0 0 1
chr14	50115878	G	A	14	50582596	G	A	13522	2 2 1 2/0 0 1 0
chr14	50342237	C	A	14	50808955	C	A	11504	2 2 1 2/0 0 1 0
chr14	50756608	AAT	A	14	51223326	AAT	A	13183	2 2 1 2/0 0 1 0
chr14	50778762	T	C	14	51245480	T	C	14391	2 2 1 2/0 0 1 0
chr14	50998178	A	G	14	51464896	A	G	11491	2 2 2 1/0 0 0 1
chr14	51254398	C	T	14	51721116	C	T	12020	2 2 2 1/0 0 0 1
chr14	52038908	C	T	14	52505626	C	T	13236	2 2 1 2/0 0 1 0
chr14	52470677	G	A	14	52937395	G	A	12020	2 2 2 1/0 0 0 1
chr14	54399999	T	G	14	54866717	T	G	11768	2 2 1 2/0 0 1 0
chr14	55369776	G	C	14	55836494	G	C	13023	2 2 2 1/0 0 0 1
chr14	56609267	A	G	14	57075985	A	G	12161	2 2 2 1/0 0 0 1
chr14	57493635	C	T	14	57960353	C	T	12347	2 2 1 2/0 0 1 0
chr14	58428350	A	G	14	58895068	A	G	11348	2 2 1 2/0 0 1 0
chr14	59194141	C	G	14	59660859	C	G	14280	2 2 1 2/0 0 1 0
chr14	59194142	T	A	14	59660860	T	A	12757	2 2 1/0 0 1
chr14	60245885	C	T	14	60712603	C	T	14343	2 2 1 2/0 0 1 0
chr14	62081161	C	T	14	62547879	C	T	13012	2 2 2 1/0 0 0 1
chr14	64026703	C	T	14	64493421	C	T	13330	2 2 2 1/0 0 0 1
chr14	64134123	C	G	14	64600841	C	G	12838	2 2 2 1/0 0 0 1
chr14	64417913	T	C	14	64884631	T	C	13895	2 2 1 2/0 0 1 0
chr14	67340456	G	A	14	67807173	G	A	13559	2 2 2 1/0 0 0 1
chr14	67762324	C	T	14	68229041	C	T	12451	2 2 1 2/0 0 1 0
chr14	67783324	C	T	14	68250041	C	T	11933	2 2 2 1/0 0 0 1
chr14	67790799	GC	G	14	68257516	GC	G	12962	2 2 2 1/0 0 0 1
chr14	67805297	GC	G	14	68272014	GC	G	13176	2 2 1 2/0 0 1 0
chr14	67807479	G	A	14	68274196	G	A	13606	2 2 2 1/0 0 0 1
chr14	68877164	A	T	14	69343881	A	T	13781	2 2 2 1/0 0 0 1
chr14	69122322	G	T	14	69589039	G	T	12858	2 2 1 2/0 0 1 0
chr14	69237475	T	C	14	69704192	T	C	12623	2 2 1 2/0 0 1 0
chr14	69237821	G	C	14	69704538	G	C	13864	2 2 1 2/0 0 1 0
chr14	69338632	C	T	14	69805349	C	T	11024	2 2 2 1/0 0 0 1
chr14	69458622	C	T	14	69925339	C	T	11117	2 2 2 1/0 0 0 1
chr14	70051018	G	A	14	70517735	G	A	13618	2 2 1 2/0 0 1 0
chr14	71089212	A	G	14	71555929	A	G	13222	2 2 1/0 0 1
chr14	72714482	C	T	14	73181190	C	T	13617	2 2 2 1/0 0 0 1
chr14	72731797	G	A	14	73198505	G	A	11376	2 2 2 1/0 0 0 1
chr14	72951816	C	T	14	73418524	C	T	14216	2 2 2 1/0 0 0 1
chr14	73219147	C	T	14	73685855	C	T	12304	2 2 1 2/0 0 1 0
chr14	73323108	C	G	14	73789816	C	G	13641	2 2 1/0 0 1
chr14	73493141	AAGG	A	14	73959845	AAGG	A	11792	2 2 1 2/0 0 1 0
chr14	73944800	G	A	14	74411503	G	A	14080	2 2 1 2/0 0 1 0
chr14	74245175	A	G	14	74711878	A	G	11571	2 2 2 1/0 0 0 1
chr14	74549855	G	A	14	75016558	G	A	13136	2 2 2 1/0 0 0 1
chr14	74675817	G	A	14	75142520	G	A	11462	2 2 1 2/0 0 1 0
chr14	74811596	AGCG	A	14	75278299	AGCG	A	11947	2 2 1/0 0 1
chr14	74909112	T	C	14	75375815	T	C	14268	2 2 2 1/0 0 0 1
chr14	75764671	A	G	14	76231014	A	G	11693	2 2 1/0 0 1
chr14	75764739	A	G	14	76231082	A	G	11021	2 2 1/0 0 1
chr14	75779725	GA	G	14	76246068	GA	G	12793	2 2 1 2/0 0 1 0
chr14	75902161	C	T	14	76368504	C	T	13923	2 2 2 1/0 0 0 1
chr14	76482635	G	A	14	76948978	G	A	13884	2 2 1 2/0 0 1 0
chr14	77025690	GT	G	14	77492033	GT	G	13382	2 2 1/0 0 1
chr14	77027703	G	C	14	77494046	G	C	11480	2 2 1/0 0 1
chr14	77105804	G	T	14	77572147	G	T	11028	2 2 1 2/0 0 1 0
chr14	77133848	C	A	14	77600191	C	A	11689	2 2 1/0 0 1
chr14	77427630	G	A	14	77893973	G	A	12921	2 2 2 1/0 0 0 1
chr14	77579009	C	G	14	78045352	C	G	13614	2 2 2 1/0 0 0 1
chr14	77761127	TCTTCTTCCG	T	14	78227470	TCTTCTTCCG	T	11892	2 2 1 2/0 0 1 0
chr14	80836325	G	A	14	81302669	G	A	11294	2 2 1/0 0 1
chr14	87941540	C	T	14	88407884	C	T	11107	2 2 1 2/0 0 1 0
chr14	89985201	A	T	14	90451545	A	T	13811	2 2 1/0 0 1
chr14	91305786	C	G	14	91772130	C	G	12901	2 2 1 2/0 0 1 0
chr14	92015723	C	G	14	92482067	C	G	12997	2 2 2 1/0 0 0 1
chr14	92021567	G	T	14	92487911	G	T	12163	2 2 1 2/0 0 1 0
chr14	92819837	G	C	14	93286182	G	C	13047	2 2 1 2/0 0 1 0
chr14	92926620	G	A	14	93392965	G	A	11489	2 2 1 2/0 0 1 0
chr14	93622453	AC	A	14	94088799	AC	A	14530	2 2 1 2/0 0 1 0
chr14	93686678	C	G	14	94153024	C	G	14542	2 2 1 2/0 0 1 0
chr14	94060226	G	A	14	94526572	G	A	14620	2 2 1 2/0 0 1 0
chr14	94208578	T	A	14	94674915	T	A	14637	2 2 2 1/0 0 0 1
chr14	94265886	A	G	14	94732223	A	G	11446	2 2 2 1/0 0 0 1
chr14	94590213	G	A	14	95056550	G	A	11892	2 2 2 1/0 0 0 1
chr14	95108392	G	A	14	95574729	G	A	13730	2 2 1 2/0 0 1 0
chr14	95455360	C	T	14	95921697	C	T	11425	2 2 2 1/0 0 0 1
chr14	96290558	T	C	14	96756895	T	C	11223	2 2 1/0 0 1
chr14	96328401	T	G	14	96794738	T	G	11463	2 2 1 2/0 0 1 0
chr14	96385658	G	A	14	96851995	G	A	13080	2 2 1 2/0 0 1 0
chr14	96556280	C	T	14	97022617	C	T	14072	2 2 1 1/0 0 1 1
chr14	96856606	G	T	14	97322943	G	T	14619	2 2 1 2/0 0 1 0
chr14	99662978	C	T	14	100129315	C	T	12795	2 2 2 1/0 0 0 1
chr14	100084710	G	A	14	100551047	G	A	14444	2 2 2 1/0 0 0 1
chr14	100132753	GAGA	G	14	100599090	GAGA	G	14566	2 2 1 2/0 0 1 0
chr14	100292534	C	T	14	100758871	C	T	12851	2 2 1 2/0 0 1 0
chr14	100529935	C	T	14	100996272	C	T	11027	2 2 2 1/0 0 0 1
chr14	100734251	C	T	14	101200588	C	T	13884	2 2 1 2/0 0 1 0
chr14	102042124	G	A	14	102508461	G	A	11434	2 2 1/0 0 1
chr14	102086072	G	C	14	102552409	G	C	11812	2 2 1 2/0 0 1 0
chr14	102195033	T	C	14	102661370	T	C	14215	2 2 2 1/0 0 0 1
chr14	102871979	G	T	14	103338316	G	T	13106	2 2 2 1/0 0 0 1
chr14	102968309	G	A	14	103434646	G	A	13606	2 2 1 2/0 0 1 0
chr14	102970252	G	GAGC	14	103436589	G	GAGC	14338	2 2 1 2/0 0 1 0
chr14	102986469	T	C	14	103452806	T	C	13443	2 2 1 2/0 0 1 0
chr14	103503085	C	T	14	103969422	C	T	11393	2 2 1 2/0 0 1 0
chr14	103679564	G	A	14	104145901	G	A	12667	2 2 1/0 0 1
chr14	103703242	G	A	14	104169579	G	A	13836	2 2 1 2/0 0 1 0
chr14	103749954	AC	A	14	104216291	AC	A	12603	2 2 1/0 0 1
chr14	104097670	GT	G	14	104564007	GT	G	14032	2 2 2 1/0 0 0 1
chr14	104887821	C	G	14	105354158	C	G	14076	2 2 1 2/0 0 1 0
chr14	104928914	C	G	14	105395251	C	G	12414	2 2 1/0 0 1
chr14	104943022	G	A	14	105409359	G	A	12403	2 2 2 1/0 0 0 1
chr14	104944249	C	A	14	105410586	C	A	12219	2 2 1 2/0 0 1 0
chr14	104947593	C	T	14	105413930	C	T	12349	2 2 1/0 0 1
chr14	104948040	C	G	14	105414377	C	G	11480	2 2 1/0 0 1
chr14	104948041	A	G	14	105414378	A	G	11480	2 2 1/0 0 1
chr14	104949378	G	A	14	105415715	G	A	13146	2 2 2 1/0 0 0 1
chr14	104949382	A	G	14	105415719	A	G	13146	2 2 2 1/0 0 0 1
chr14	104953410	T	C	14	105419747	T	C	13023	2 2 2 1/0 0 0 1
chr14	104954397	G	A	14	105420734	G	A	13645	2 2 2 1/0 0 0 1
chr14	104992938	G	A	14	105459275	G	A	12238	2 2 1/0 0 1
chr14	105173014	TGGA	T	14	105639351	TGGA	T	14535	2 2 1 2/0 0 1 0
chr14	105241313	G	A	14	105707650	G	A	14643	2 2 1 2/0 0 1 0
chr14	105376876	G	A	14	105843213	G	A	12015	2 2 1/0 0 1
chr14	105741934	G	C	14	106208271	G	C	12356	2 2 2 1/0 0 0 1
chr14	105838396	C	T	14	106304732	C	T	13462	2 2 2 1/0 0 0 1
chr14	105939793	A	C	14	106405648	A	C	12026	2 2 1/0 0 1
chr14	105987033	G	A	14	106453120	G	A	13710	2 2 2 1/0 0 0 1
chr14	106038341	T	C	14	106494573	T	C	12617	2 2 2 1/0 0 0 1
chr14	106211435	G	A	14	106668077	G	A	11568	2 2 1 2/0 0 1 0
chr14	106592792	G	A	14	107048786	G	A	14068	2 2 1 2/0 0 1 0
chrX	293183	G	A	X	209850	G	A	12123	2 2 1 1/0 0 1 1
chrX	305067	C	T	X	221734	C	T	12070	2 2 1 2/0 0 1 0
chrX	311557	C	T	X	228224	C	T	13327	2 2 1 2/0 0 1 0
chrX	640852	G	A	X	601587	G	A	12103	2 2 1/0 0 1
chrX	1202405	C	T	X	1321275	C	T	11152	2 2 2 1/0 0 0 1
chrX	1387356	G	A	X	1506249	G	A	14136	2 2 2 1/0 0 0 1
chrX	1389254	G	A	X	1508147	G	A	13864	2 2 1 2/0 0 1 0
chrX	1389484	A	AG	X	1508377	A	AG	14597	2 2 1 2/0 0 1 0
chrX	2875881	G	C	X	2793922	G	C	12219	2 1 0 2/0 0 1 0
chrX	3655200	T	A	X	3573241	T	A	12861	2 1 1 1/0 0 0 1
chrX	5903133	G	A	X	5821174	G	A	13586	2 1 1 1/0 0 0 1
chrX	8466378	G	A	X	8434419	G	A	13844	2 1 0/0 0 1
chrX	12706927	T	G	X	12725046	T	G	14403	2 1 1 1/0 0 0 1
chrX	12810031	G	A	X	12828150	G	A	11905	2 1 1 1/0 0 0 1
chrX	12920559	A	G	X	12938678	A	G	12736	2 1 0 2/0 0 1 0
chrX	13608349	C	A	X	13626468	C	A	11290	2 1 0 2/0 0 1 0
chrX	14530073	G	C	X	14548195	G	C	12724	2 1 1 1/0 0 1 0
chrX	14581319	A	G	X	14599441	A	G	11842	2 1 0 1/0 0 1 0
chrX	15314467	T	C	X	15332589	T	C	13813	2 1 1 1/0 0 1 0
chrX	15594840	C	T	X	15612963	C	T	13072	2 1 2 1/0 0 0 1
chrX	15852500	G	A	X	15870623	G	A	12184	2 1 1 2/0 0 1 0
chrX	16654459	G	T	X	16672582	G	T	13135	2 1 0 0/0 0 1 1
chrX	16829706	A	T	X	16847829	A	T	13890	2 1 2 1/0 0 0 1
chrX	18894339	G	A	X	18912457	G	A	13942	2 1 1 1/0 0 0 1
chrX	18907019	C	G	X	18925137	C	G	11855	2 1 1 1/0 0 0 1
chrX	18908019	C	T	X	18926137	C	T	12786	2 1 1 0/0 0 0 1
chrX	19929856	G	A	X	19947974	G	A	13371	2 1 1 1/0 0 0 1
chrX	20175285	G	C	X	20193403	G	C	13222	2 1 1/0 0 1
chrX	25013160	C	T	X	25031277	C	T	14550	2 1 1 1/0 0 1 0
chrX	32412189	T	A	X	32430306	T	A	14230	2 1 0 1/0 0 1 0
chrX	34943375	T	C	X	34961492	T	C	11265	2 1 0 2/0 0 1 0
chrX	34944495	C	T	X	34962612	C	T	11433	2 1 0 2/0 0 1 0
chrX	36098781	TTTTAA	T	X	36116898	TTTTAA	T	14020	2 1 1/0 0 1
chrX	38160175	T	C	X	38019428	T	C	13893	2 1 1 1/0 0 0 1
chrX	38561512	T	TGCC	X	38420765	T	TGCC	13910	2 1 1 1/0 0 0 1
chrX	41165964	A	T	X	41025217	A	T	13910	2 1 0 2/0 0 1 0
chrX	41168027	C	T	X	41027280	C	T	13647	2 1 0 1/0 0 1 0
chrX	41345402	A	G	X	41204655	A	G	11999	2 1 1 2/0 0 1 0
chrX	41665396	C	T	X	41524649	C	T	11379	2 1 1/0 0 1
chrX	41727579	A	C	X	41586832	A	C	12498	2 1 1 1/0 0 0 1
chrX	46879717	C	A	X	46739152	C	A	12219	2 1 0 2/0 0 1 0
chrX	47089845	C	T	X	46949244	C	T	12219	2 1 0 2/0 0 1 0
chrX	47241262	C	T	X	47100661	C	T	14375	2 1 1 1/0 0 0 1
chrX	47638112	C	T	X	47497511	C	T	11540	2 1 0 2/0 0 1 0
chrX	48194763	T	C	X	48054199	T	C	12123	2 1 2 1/0 0 0 1
chrX	48303599	C	T	X	48163034	C	T	13133	2 1 0 2/0 0 1 0
chrX	48516081	C	T	X	48374469	C	T	11003	2 1 1 1/0 0 0 1
chrX	48541435	T	C	X	48399823	T	C	13330	2 1 1 1/0 0 0 1
chrX	48560352	G	A	X	48418740	G	A	12166	2 1 0/0 0 1
chrX	48577046	G	A	X	48435434	G	A	11265	2 1 0 2/0 0 1 0
chrX	48696764	T	A	X	48555155	T	A	12130	2 1 1/0 0 1
chrX	49065820	C	T	X	48923351	C	T	12482	2 1 0/0 0 1
chrX	49075271	C	T	X	48932930	C	T	12736	2 1 0 2/0 0 1 0
chrX	49175936	G	A	X	49032285	G	A	14618	2 1 1 1/0 0 0 1
chrX	49178031	C	T	X	49034380	C	T	11106	2 1 1 0/0 0 0 1
chrX	49248817	A	C	X	49105278	A	C	12325	2 1 0 2/0 0 1 0
chrX	49257558	G	A	X	49114015	G	A	11000	2 1 0 2/0 0 1 0
chrX	50190971	C	T	X	49955614	C	T	11540	2 1 0 2/0 0 1 0
chrX	50308731	T	A	X	50051731	T	A	11540	2 1 0 2/0 0 1 0
chrX	50342213	G	T	X	50085212	G	T	12325	2 1 0 2/0 0 1 0
chrX	50915760	C	T	X	50658760	C	T	11282	2 1 0 1/0 0 1 0
chrX	53194278	T	A	X	53223460	T	A	13499	2 1 1 1/0 0 0 1
chrX	53614650	G	A	X	53641611	G	A	14682	2 1 1 1/0 0 1 0
chrX	54011236	G	A	X	54037669	G	A	13916	2 1 1 1/0 0 0 1
chrX	54440779	T	G	X	54467212	T	G	12358	2 1 1 1/0 0 1 0
chrX	54560489	CAA	C	X	54586922	CAA	C	13462	2 1 0 1/0 0 1 0
chrX	54560527	C	T	X	54586960	C	T	13409	2 1 1/0 0 1
chrX	54923413	C	T	X	54949846	C	T	14566	2 1 1 1/0 0 0 1
chrX	54951916	G	A	X	54978349	G	A	11872	2 1 2 1/0 0 0 1
chrX	55002256	G	A	X	55028689	G	A	12736	2 1 0 2/0 0 1 0
chrX	55002264	C	G	X	55028697	C	G	13465	2 1 1 1/0 0 0 1
chrX	55731480	A	G	X	55757913	A	G	13021	2 1 1 1/0 0 0 1
chrX	57432005	G	A	X	57458438	G	A	12435	2 1 0 2/0 0 1 0
chrX	64350009	A	G	X	63569889	A	G	12219	2 1 0 2/0 0 1 0
chrX	65489034	G	A	X	64708914	G	A	11964	2 1 1 2/0 0 1 0
chrX	66028113	C	T	X	65247955	C	T	11290	2 1 0 2/0 0 1 0
chrX	67723832	C	T	X	66943674	C	T	11450	2 1 1 1/0 0 0 1
chrX	68724005	G	A	X	67943847	G	A	13048	2 1 2 1/0 0 0 1
chrX	70201898	C	T	X	69421748	C	T	11169	2 1 1 1/0 0 0 1
chrX	70301992	G	A	X	69521842	G	A	12358	2 1 2 0/0 0 0 1
chrX	71155219	C	T	X	70375069	C	T	14583	2 1 1/0 0 1
chrX	71169940	G	A	X	70389790	G	A	12373	2 1 1 1/0 0 0 1
chrX	71556704	C	T	X	70776554	C	T	13870	2 1 2 1/0 0 0 1
chrX	73003903	CG	C	X	72223742	CG	C	11568	2 1 2 1/0 0 0 1
chrX	73079121	AC	A	X	72298960	AC	A	11568	2 1 2 1/0 0 0 1
chrX	74741155	G	T	X	73960990	G	T	11290	2 1 0 2/0 0 1 0
chrX	74744325	G	C	X	73964160	G	C	14022	2 1 1 1/0 0 0 1
chrX	77635940	GAT	G	X	76891431	GAT	G	12972	2 1 1 1/0 0 0 1
chrX	79171270	C	A	X	78426767	C	A	12451	2 1 0 1/0 0 1 0
chrX	80022440	G	T	X	79277939	G	T	14380	2 1 0 2/0 0 1 0
chrX	80024158	G	A	X	79279657	G	A	14261	2 1 0 2/0 0 1 0
chrX	83509126	A	G	X	82764134	A	G	12867	2 1 1 1/0 0 1 0
chrX	87518266	C	G	X	86773269	C	G	11282	2 1 0 1/0 0 1 0
chrX	100826675	T	A	X	100081664	T	A	12994	2 1 1 0/0 0 0 1
chrX	101120448	A	G	X	100375437	A	G	12736	2 1 0 2/0 0 1 0
chrX	101357668	C	T	X	100612656	C	T	11490	2 1 1 1/0 0 0 1
chrX	101837610	C	T	X	101092582	C	T	11401	2 1 1 1/0 0 0 1
chrX	101840510	A	G	X	101095482	A	G	11437	2 1 1 0/0 0 0 1
chrX	102656829	G	T	X	101911757	G	T	12871	2 1 0 2/0 0 1 0
chrX	103500322	G	A	X	102755250	G	A	13506	2 1 1 1/0 0 0 1
chrX	104250910	A	G	X	103495591	A	G	12969	2 1 1 0/0 0 0 1
chrX	105946417	A	G	X	105190409	A	G	14606	2 1 1 1/0 0 0 1
chrX	106854238	G	A	X	106097468	G	A	14054	2 1 0 1/0 0 1 0
chrX	106902201	C	T	X	106145431	C	T	14336	2 1 1 2/0 0 1 0
chrX	107067513	A	G	X	106310743	A	G	12461	2 1 1/0 0 1
chrX	107775192	C	A	X	107018422	C	A	11651	2 1 1 1/0 0 0 1
chrX	108170647	A	G	X	107413877	A	G	14082	2 1 1 1/0 0 0 1
chrX	110317721	T	C	X	109560949	T	C	14404	2 1 1 1/0 0 0 1
chrX	111410805	G	A	X	110654033	G	A	12153	2 1 1 1/0 0 0 1
chrX	111912651	C	T	X	111155879	C	T	13624	2 1 0/0 0 1
chrX	115306686	T	C	X	114541251	T	C	13148	2 1 1 1/0 0 0 1
chrX	119243186	G	C	X	118377149	G	C	11000	2 1 0 2/0 0 1 0
chrX	119410237	G	A	X	118544200	G	A	11066	2 1 0 1/0 0 1 0
chrX	119851852	G	GA	X	118985815	G	GA	11609	2 1 0/0 0 1
chrX	120379514	C	T	X	119513369	C	T	12375	2 1 1 1/0 0 0 1
chrX	120875292	G	T	X	120009146	G	T	14649	2 1 0 2/0 0 1 0
chrX	123667237	T	C	X	122801088	T	C	13855	2 1 1 1/0 0 0 1
chrX	124520624	C	T	X	123654474	C	T	12123	2 1 2 1/0 0 0 1
chrX	126551735	C	T	X	125685718	C	T	14536	2 1 1 1/0 0 0 1
chrX	126551822	G	A	X	125685805	G	A	11433	2 1 0 2/0 0 1 0
chrX	129754541	G	A	X	128888517	G	A	11334	2 1 0 1/0 0 1 0
chrX	129760559	C	T	X	128894535	C	T	12385	2 1 1 1/0 0 0 1
chrX	130015162	G	A	X	129149138	G	A	12340	2 1 1 2/0 0 1 0
chrX	130147768	C	T	X	129281743	C	T	14684	2 1 1 1/0 0 0 1
chrX	130323128	T	C	X	129457102	T	C	13952	2 1 1 0/0 0 0 1
chrX	130385171	C	T	X	129519145	C	T	13226	2 1 1 1/0 0 0 1
chrX	130670187	G	A	X	129804161	G	A	13533	2 1 1 0/0 0 0 1
chrX	131274095	C	A	X	130408069	C	A	13499	2 1 1 1/0 0 0 1
chrX	131544886	G	A	X	130678860	G	A	13846	2 1 0/0 0 1
chrX	132078580	G	A	X	131212608	G	A	13555	2 1 2 1/0 0 0 1
chrX	135033131	G	A	X	134167161	G	A	14336	2 1 2 1/0 0 0 1
chrX	135906497	C	T	X	134988656	C	T	12647	2 1 0 1/0 0 1 0
chrX	136344475	G	A	X	135426634	G	A	12211	2 1 2 1/0 0 0 1
chrX	136347149	C	T	X	135429308	C	T	11028	2 1 0 1/0 0 1 0
chrX	139782593	T	A	X	138864752	T	A	14536	2 1 0 2/0 0 1 0
chrX	141697521	G	C	X	140785678	G	C	12787	2 1 0 2/0 0 1 0
chrX	141906350	T	G	X	140994136	T	G	13766	2 1 0 2/0 0 1 0
chrX	141906595	C	G	X	140994381	C	G	14575	2 1 0 0/0 0 1 1
chrX	145824382	G	A	X	144905900	G	A	12731	2 1 1 1/0 0 0 1
chrX	149501054	G	T	X	148582585	G	T	13133	2 1 1 1/0 0 0 1
chrX	149884924	C	T	X	149013698	C	T	12325	2 1 0 2/0 0 1 0
chrX	149933788	A	G	X	149102006	A	G	13047	2 1 0 2/0 0 1 0
chrX	150470829	C	T	X	149639101	C	T	11031	2 1 0 1/0 0 1 0
chrX	151673943	G	A	X	150842415	G	A	13527	2 1 0/0 0 1
chrX	152766724	C	A	X	151935240	C	A	13415	2 1 0/0 0 1
chrX	152766728	G	A	X	151935244	A	G	13415	2 1 0/0 0 1
chrX	152917160	A	G	X	152085704	A	G	14279	2 1 1 0/0 0 0 1
chrX	153693262	G	T	X	152958717	G	T	13799	2 1 1 1/0 0 1 0
chrX	153693978	GTTC	G	X	152959433	GTTC	G	11537	2 1 1 2/0 0 1 0
chrX	153694445	C	T	X	152959900	C	T	13557	2 1 0/0 0 1
chrX	153770800	G	A	X	153036255	G	A	12736	2 1 0 2/0 0 1 0
chrX	153864315	G	A	X	153129770	G	A	13870	2 1 2 1/0 0 0 1
chrX	153869583	TCA	T	X	153135038	TCA	T	13739	2 1 1 1/0 0 1 0
chrX	153919283	G	A	X	153184737	G	A	14048	2 1 1 0/0 0 0 1
chrX	154150843	A	G	X	153416315	A	G	12667	2 1 0/0 0 1
chrX	154359796	C	T	X	153588164	C	T	12715	2 1 1 1/0 0 0 1
chrX	154441076	C	T	X	153669423	C	T	12781	2 1 0/0 0 1
chrX	154441098	T	G	X	153669445	T	G	12879	2 1 1 1/0 0 1 0
chrX	154461303	G	A	X	153689643	G	A	13035	2 1 2 1/0 0 0 1
chrX	154680205	G	A	X	153908482	G	A	14450	2 1 0 1/0 0 1 0
chrX	154999463	A	G	X	154227738	A	G	12211	2 1 1 2/0 0 1 0
