CHROM	POS	REF	ALT	person_ids
chr1	151405969	A	G	f1.p1
chr1	151405942	C	T	f2.p1
chr1	151405945	T	C	f2.p1
chr1	151405940	G	T	f1.p1
chr1	151405954	T	G	f2.p1
chr1	151405957	C	T	f1.p1
chr1	151405960	A	T	f1.p1
chr1	151405968	G	C	f1.p1
chr1	151405972	T	C	f2.p1
chr1	151405973	T	C	f2.p1
chr1	151405978	C	T	f1.p1
chr1	151405981	T	C	f2.p1
chr1	151405985	T	C	f1.p1
chr1	151405992	C	G	f2.p1
chr1	151405993	T	C	f1.p1
chr1	151405996	G	T	f1.p1
chr8	11403624	G	T	f1.p1
chr8	11415531	T	C	f2.p1
chr8	11607635	G	A	f2.p1
chr8	11683617	G	A	f1.p1
chr14	21403214	T	C	f1.p1
chr14	21431459	G	C	f1.p1
chr14	21391016	A	AT	f2.p1
chr14	21403019	G	A	f2.p1
chr14	21402010	G	A	f1.p1
chr14	21393484	TCTTC	T	f2.p1
chr22	40804965	A	G	f2.p1
chr22	40816525	T	C	f2.p1
chr22	41231637	G	C	f1.p1
chr22	41527552	G	A	f1.p1
chr22	41572350	C	T	f2.p1
chr22	41573317	A	C	f1.p1
